epoch,loss,lr,val_loss
0,0.8084083932141463,0.0001,
1,0.8133472750584284,0.0001,
