epoch,loss,lr,val_loss
0,0.832467063019673,0.0001,
1,0.7944908651212851,0.0001,
2,0.8173200897872448,0.0001,
3,0.7633803486824036,0.0001,
4,0.7358526363968849,0.0001,
